{
  "urls": [
    "ch12.ogg",
    "ch12.m4a"
  ],
  "sprite": {
    "silence": [
      0,
      1000,
      true
    ],
    "MatchingSymbolSelect_5": [
      1050,
      1189.7732426303855
    ],
    "MultiplierLightReveal": [
      3100,
      3200.0000000000005
    ]
  }
}