{
  "urls": [
    "ch2.ogg",
    "ch2.m4a"
  ],
  "sprite": {
    "silence": [
      0,
      1000,
      true
    ],
    "BetUp": [
      1050,
      215.2607709750567
    ],
    "BonusCollect": [
      2100,
      3309.319727891157
    ],
    "BuyButton": [
      6150,
      2901.3151927437643
    ],
    "MultiplierHammerSmash": [
      9200.000000000002,
      3494.3310657596367
    ],
    "WinlineWin_2": [
      13250,
      922.9478458049894
    ]
  }
}