{
  "urls": [
    "ch6.ogg",
    "ch6.m4a"
  ],
  "sprite": {
    "silence": [
      0,
      1000,
      true
    ],
    "BonusSelect": [
      1050,
      1400.0000000000002
    ],
    "WinlineWin_6": [
      3100.0000000000005,
      879.954648526077
    ],
    "YourNumberSelect_4": [
      4150,
      1440.0680272108843
    ]
  }
}