{
  "urls": [
    "ch10.ogg",
    "ch10.m4a"
  ],
  "sprite": {
    "silence": [
      0,
      1000,
      true
    ],
    "MatchingSymbolSelect_3": [
      1050,
      1277.4829931972788
    ],
    "MultiplierLight_3": [
      3100,
      3450.1587301587297
    ]
  }
}