{
  "urls": [
    "ch4.ogg",
    "ch4.m4a"
  ],
  "sprite": {
    "silence": [
      0,
      1000,
      true
    ],
    "BonusLightMeter": [
      1050,
      2968.0272108843537
    ],
    "Click": [
      4100,
      500
    ],
    "LightTrailWhoosh": [
      5149.999999999999,
      1384.9886621315193
    ],
    "MultiplierPrizeReveal": [
      7199.999999999999,
      2900.0000000000005
    ],
    "WinlineWin_4": [
      10250,
      916.3945578231285
    ],
    "YourNumberSelect_2": [
      11299.999999999998,
      1440.5668934240357
    ]
  }
}