{
  "urls": [
    "ch7.ogg",
    "ch7.m4a"
  ],
  "sprite": {
    "silence": [
      0,
      1000,
      true
    ],
    "WInlineWin_7": [
      1050,
      962.5850340136053
    ],
    "YourNumberSelect_5": [
      2100,
      1129.2743764172335
    ]
  }
}