{
  "urls": [
    "ch1.ogg",
    "ch1.m4a"
  ],
  "sprite": {
    "silence": [
      0,
      1000,
      true
    ],
    "BetDown": [
      1050,
      487.6190476190476
    ],
    "MusicTermLose": [
      2100,
      6494.739229024944
    ],
    "MusicTermWin": [
      9150,
      5004.195011337869
    ],
    "WinlineWin_1": [
      15200.000000000002,
      4096.848072562358
    ]
  }
}