{
  "urls": [
    "ch3.ogg",
    "ch3.m4a"
  ],
  "sprite": {
    "silence": [
      0,
      1000,
      true
    ],
    "BetMax": [
      1050,
      1900.0000000000002
    ],
    "BonusGameReveal": [
      3100,
      2144.9886621315186
    ],
    "LightTrailWhoosh": [
      6149.999999999999,
      1384.9886621315193
    ],
    "MultiplierPowerMeter": [
      8200,
      5138.775510204081
    ],
    "WinlineWin_3": [
      14249.999999999998,
      964.7392290249428
    ],
    "YourNumberSelect_1": [
      15299.999999999996,
      1399.9999999999986
    ]
  }
}