{
  "urls": [
    "ch5.ogg",
    "ch5.m4a"
  ],
  "sprite": {
    "silence": [
      0,
      1000,
      true
    ],
    "BonusLightReveal": [
      1050,
      1495.4195011337868
    ],
    "TileReveal": [
      3100,
      1990.0226757369617
    ],
    "WinlineWin_5": [
      5150,
      915.3968253968259
    ],
    "YourNumberSelect_3": [
      6200.000000000001,
      1782.3129251700677
    ]
  }
}